variant_key,clinical_significance,condition
2-165991366-G-GTAAT,pathogenic,Early-infantile DEE
2-165991479-CT-C,pathogenic,Early-infantile DEE
2-165991285-T-C,likely_benign,Early-infantile DEE
7-117480081-GCGCCCGAGAGACCATGCAGAGGT-G,pathogenic,CFTR-related disorder
7-117480097-GC-G,pathogenic,Cystic fibrosis
7-117480101-A-C,likely_benign,Cystic fibrosis
15-48411006-TG-T,pathogenic,See cases
15-48411029-AC-A,pathogenic,Familial thoracic aortic aneurysm and aortic dissection
15-48411064-T-G,likely_benign,Familial thoracic aortic aneurysm and aortic dissection
16-2048626-CA-C,pathogenic,Tuberous sclerosis 2
16-2048629-C-CA,pathogenic,Tuberous sclerosis 2
16-2048628-A-G,likely_benign,Tuberous sclerosis 2
